time_large,time_small,dtchanged,ncalc_ele,ncalc_deut,dt_ele,dt_deut,t_sim,ne,ni,KEtot_ele,KEtot_deut,Ele_pot,Mag_pot,E_tot
0,0,0,0,0,1.256718687e-12,7.540312125e-11,0,-2097152,2097152,1.289778708e+11,1.288983757e+11,19534658,4111.383301,2.578957926e+11
1,0,0,60,1,1.256718687e-12,7.540312125e-11,7.540312125e-11,-2097152,2097152,1.28977879e+11,1.288983347e+11,19213628,4079.885498,2.578954322e+11
1,1,0,120,2,1.256718687e-12,7.540312125e-11,1.508062425e-10,-2097152,2097152,1.289776251e+11,1.288983511e+11,19947062,4103.075684,2.578959237e+11
1,2,0,180,3,1.256718687e-12,7.540312125e-11,2.262093637e-10,-2097152,2097152,1.289782395e+11,1.288983265e+11,21452112,4108.620117,2.578980209e+11
1,3,0,240,4,1.256718687e-12,7.540312125e-11,3.01612485e-10,-2097152,2097152,1.289779118e+11,1.288983265e+11,26417620,4076.183838,2.579026575e+11
1,4,0,300,5,1.256718687e-12,7.540312125e-11,3.770156062e-10,-2097152,2097152,1.289780675e+11,1.288983265e+11,37402124,4091.861328,2.579137987e+11
1,5,0,360,6,1.256718687e-12,7.540312125e-11,4.524187275e-10,-2097152,2097152,1.289778627e+11,1.288983593e+11,59259404,4084.2229,2.579354911e+11
1,6,0,420,7,1.256718687e-12,7.540312125e-11,5.278218487e-10,-2097152,2097152,1.289777316e+11,1.288983429e+11,90875464,4086.207275,2.579669484e+11
1,7,0,480,8,1.256718687e-12,7.540312125e-11,6.0322497e-10,-2097152,2097152,1.289776906e+11,1.288983429e+11,141150048,4085.8125,2.580171817e+11
1,8,0,540,9,1.256718687e-12,7.540312125e-11,6.786280912e-10,-2097152,2097152,1.28977281e+11,1.288983839e+11,214388880,4079.255371,2.580900741e+11
1,9,0,600,10,1.256718687e-12,7.540312125e-11,7.540312125e-10,-2097152,2097152,1.289772073e+11,1.288984003e+11,309779872,4053.431152,2.581853962e+11
2,0,0,660,11,1.256718687e-12,7.540312125e-11,8.294343337e-10,-2097152,2097152,1.289765683e+11,1.288984084e+11,436004608,4102.100098,2.58310996e+11
2,1,0,720,12,1.256718687e-12,7.540312125e-11,9.04837455e-10,-2097152,2097152,1.289764782e+11,1.288984166e+11,594386688,4074.657471,2.584692818e+11
2,2,0,780,13,1.256718687e-12,7.540312125e-11,9.802405762e-10,-2097152,2097152,1.289759949e+11,1.288984084e+11,797451456,4057.780029,2.586718536e+11
2,3,0,840,14,1.256718687e-12,7.540312125e-11,1.055643697e-09,-2097152,2097152,1.289757655e+11,1.288984084e+11,1044957120,4019.957764,2.589191209e+11
2,4,0,900,15,1.256718687e-12,7.540312125e-11,1.131046819e-09,-2097152,2097152,1.289751429e+11,1.288984412e+11,1346018944,4025.678955,2.592196035e+11
2,5,0,960,16,1.256718687e-12,7.540312125e-11,1.20644994e-09,-2097152,2097152,1.289746596e+11,1.288984658e+11,1701205120,4034.081543,2.595743334e+11
2,6,0,1020,17,1.256718687e-12,7.540312125e-11,1.281853061e-09,-2097152,2097152,1.2897425e+11,1.288985231e+11,2117868160,4056.716553,2.599906509e+11
2,7,0,1080,18,1.256718687e-12,7.540312125e-11,1.357256182e-09,-2097152,2097152,1.289735045e+11,1.288985068e+11,2596600576,4043.808838,2.604686049e+11
2,8,0,1140,19,1.256718687e-12,7.540312125e-11,1.432659304e-09,-2097152,2097152,1.289720463e+11,1.28898474e+11,3150065920,4058.180664,2.610205983e+11
2,9,0,1200,20,1.256718687e-12,7.540312125e-11,1.508062425e-09,-2097152,2097152,1.289538519e+11,1.288985723e+11,3784133376,4082.598633,2.616365548e+11
3,0,0,1260,21,1.256718687e-12,7.540312125e-11,1.583465546e-09,-2097152,2097152,1.288825242e+11,1.28898646e+11,4483489280,4170.138184,2.622646682e+11
3,1,0,1320,22,1.256718687e-12,7.540312125e-11,1.658868667e-09,-2097152,2097152,1.287230996e+11,1.288987771e+11,5263292416,4501.51709,2.628851794e+11
3,2,0,1380,23,1.256718687e-12,7.540312125e-11,1.734271789e-09,-2097152,2097152,1.284827218e+11,1.288991457e+11,6118396928,5146.547363,2.635002675e+11
3,3,0,1440,24,1.256718687e-12,7.540312125e-11,1.80967491e-09,-2097152,2097152,1.281594409e+11,1.288991457e+11,7063837184,6129.161133,2.641224335e+11
3,4,0,1500,25,1.256718687e-12,7.540312125e-11,1.885078031e-09,-2097152,2097152,1.277589586e+11,1.288995144e+11,8047267328,7244.591797,2.647057531e+11
3,5,0,1560,26,1.256718687e-12,7.540312125e-11,1.960481152e-09,-2097152,2097152,1.272991171e+11,1.289001615e+11,9105234944,8413.385742,2.653045228e+11
3,6,0,1620,27,1.256718687e-12,7.540312125e-11,2.035884274e-09,-2097152,2097152,1.267844301e+11,1.289006531e+11,1.021379584e+10,9399.008789,2.658988851e+11
3,7,0,1680,28,1.256718687e-12,7.540312125e-11,2.111287395e-09,-2097152,2097152,1.262216643e+11,1.289011692e+11,1.140731802e+10,9923.869141,2.665301606e+11
3,8,0,1740,29,1.256718687e-12,7.540312125e-11,2.186690516e-09,-2097152,2097152,1.25626327e+11,1.289018819e+11,1.262486118e+10,10079.34668,2.671530803e+11
3,9,0,1800,30,1.256718687e-12,7.540312125e-11,2.262093637e-09,-2097152,2097152,1.250051686e+11,1.289025536e+11,1.387948032e+10,9928.729492,2.67787223e+11
4,0,0,1860,31,1.256718687e-12,7.540312125e-11,2.337496759e-09,-2097152,2097152,1.243690516e+11,1.289032991e+11,1.515555533e+10,9509.551758,2.684279194e+11
4,1,0,1920,32,1.256718687e-12,7.540312125e-11,2.41289988e-09,-2097152,2097152,1.237283717e+11,1.289039135e+11,1.645579469e+10,8995.051758,2.690880963e+11
4,2,0,1980,33,1.256718687e-12,7.540312125e-11,2.488303001e-09,-2097152,2097152,1.230869135e+11,1.289041592e+11,1.774565376e+10,8558.457031,2.697367224e+11
4,3,0,2040,34,1.256718687e-12,7.540312125e-11,2.563706122e-09,-2097152,2097152,1.224492564e+11,1.289045524e+11,1.907506586e+10,8195.616211,2.704288809e+11
4,4,0,2100,35,1.256718687e-12,7.540312125e-11,2.639109244e-09,-2097152,2097152,1.218123694e+11,1.289055846e+11,2.039760282e+10,8026.032227,2.711155671e+11
4,5,0,2160,36,1.256718687e-12,7.540312125e-11,2.714512365e-09,-2097152,2097152,1.211859108e+11,1.28906879e+11,2.172517786e+10,8082.418457,2.718179656e+11
4,6,0,2220,37,1.256718687e-12,7.540312125e-11,2.789915486e-09,-2097152,2097152,1.205757624e+11,1.289073459e+11,2.298986291e+10,8347.958008,2.724729651e+11
4,7,0,2280,38,1.256718687e-12,7.540312125e-11,2.865318607e-09,-2097152,2097152,1.199897477e+11,1.289088041e+11,2.427642266e+10,8881.279297,2.731749868e+11
4,8,0,2340,39,1.256718687e-12,7.540312125e-11,2.940721729e-09,-2097152,2097152,1.194239427e+11,1.289089024e+11,2.549529395e+10,9705.449219,2.738281513e+11
4,9,0,2400,40,1.256718687e-12,7.540312125e-11,3.01612485e-09,-2097152,2097152,1.188898816e+11,1.289100329e+11,2.667491942e+10,10776.35352,2.744748278e+11
5,0,0,2460,41,1.256718687e-12,7.540312125e-11,3.091527971e-09,-2097152,2097152,1.183840829e+11,1.289113108e+11,2.784019661e+10,12107.55859,2.751355945e+11
5,1,0,2520,42,1.256718687e-12,7.540312125e-11,3.166931092e-09,-2097152,2097152,1.179189084e+11,1.28913023e+11,2.896665395e+10,13778.8291,2.757986222e+11
5,2,0,2580,43,1.256718687e-12,7.540312125e-11,3.242334214e-09,-2097152,2097152,1.174874194e+11,1.289143828e+11,3.00742697e+10,15786.82617,2.764760678e+11
5,3,0,2640,44,1.256718687e-12,7.540312125e-11,3.317737335e-09,-2097152,2097152,1.171008225e+11,1.289163899e+11,3.11011881e+10,18058.26562,2.771184189e+11
5,4,0,2700,45,1.256718687e-12,7.540312125e-11,3.393140456e-09,-2097152,2097152,1.167509176e+11,1.289176433e+11,3.206384026e+10,20652.36133,2.777324257e+11
5,5,0,2760,46,1.256718687e-12,7.540312125e-11,3.468543577e-09,-2097152,2097152,1.164454134e+11,1.289193718e+11,3.29400832e+10,23522.12109,2.783048827e+11
5,6,0,2820,47,1.256718687e-12,7.540312125e-11,3.543946699e-09,-2097152,2097152,1.161843589e+11,1.289202893e+11,3.37881559e+10,26734.94531,2.788928389e+11
5,7,0,2880,48,1.256718687e-12,7.540312125e-11,3.61934982e-09,-2097152,2097152,1.159749468e+11,1.2892237e+11,3.454491034e+10,30174.08984,2.7944226e+11
5,8,0,2940,49,1.256718687e-12,7.540312125e-11,3.694752941e-09,-2097152,2097152,1.158077972e+11,1.28924418e+11,3.522745549e+10,33684.86328,2.799596995e+11
5,9,0,3000,50,1.256718687e-12,7.540312125e-11,3.770156062e-09,-2097152,2097152,1.156930847e+11,1.289261138e+11,3.584771277e+10,37327.19141,2.804669481e+11
6,0,0,3060,51,1.256718687e-12,7.540312125e-11,3.845559184e-09,-2097152,2097152,1.15630506e+11,1.289276539e+11,3.636924826e+10,41209.75,2.809274696e+11
6,1,0,3120,52,1.256718687e-12,7.540312125e-11,3.920962305e-09,-2097152,2097152,1.15621118e+11,1.289290793e+11,3.683702784e+10,45099.10938,2.813872701e+11
6,2,0,3180,53,1.256718687e-12,7.540312125e-11,3.996365426e-09,-2097152,2097152,1.156572283e+11,1.289309962e+11,3.723195597e+10,48884.30078,2.818202337e+11
6,3,0,3240,54,1.256718687e-12,7.540312125e-11,4.071768547e-09,-2097152,2097152,1.157499372e+11,1.289324872e+11,3.754584883e+10,52457.04297,2.822283264e+11
6,4,0,3300,55,1.256718687e-12,7.540312125e-11,4.147171669e-09,-2097152,2097152,1.158943785e+11,1.289344614e+11,3.776588186e+10,55793.16797,2.825947709e+11
6,5,0,3360,56,1.256718687e-12,7.540312125e-11,4.22257479e-09,-2097152,2097152,1.160815329e+11,1.289366405e+11,3.791357133e+10,58694.57812,2.829317898e+11
6,6,0,3420,57,1.256718687e-12,7.540312125e-11,4.297977911e-09,-2097152,2097152,1.163096064e+11,1.289383608e+11,3.798970368e+10,61193.79297,2.832377446e+11
6,7,0,3480,58,1.256718687e-12,7.540312125e-11,4.373381032e-09,-2097152,2097152,1.16577919e+11,1.289410396e+11,3.802128384e+10,63318.09375,2.835402916e+11
6,8,0,3540,59,1.256718687e-12,7.540312125e-11,4.448784154e-09,-2097152,2097152,1.168649093e+11,1.289437184e+11,3.798584115e+10,65621.75781,2.837945385e+11
6,9,0,3600,60,1.256718687e-12,7.540312125e-11,4.524187275e-09,-2097152,2097152,1.171584451e+11,1.289462497e+11,3.794223923e+10,69886.59375,2.840469832e+11
7,0,0,3660,61,1.256718687e-12,7.540312125e-11,4.599590396e-09,-2097152,2097152,1.174623027e+11,1.289480274e+11,3.78214441e+10,75274.29688,2.842318602e+11
7,1,0,3720,62,1.256718687e-12,7.540312125e-11,4.674993517e-09,-2097152,2097152,1.177784812e+11,1.289510994e+11,3.767882547e+10,81098.71875,2.844084797e+11
7,2,0,3780,63,1.256718687e-12,7.540312125e-11,4.750396639e-09,-2097152,2097152,1.181054812e+11,1.289518449e+11,3.749462016e+10,86845.22656,2.845520364e+11
7,3,0,3840,64,1.256718687e-12,7.540312125e-11,4.82579976e-09,-2097152,2097152,1.184378225e+11,1.28953983e+11,3.728968909e+10,91872.78906,2.84681601e+11
7,4,0,3900,65,1.256718687e-12,7.540312125e-11,4.901202881e-09,-2097152,2097152,1.187793224e+11,1.289559081e+11,3.706309018e+10,95660.75,2.847984189e+11
7,5,0,3960,66,1.256718687e-12,7.540312125e-11,4.976606002e-09,-2097152,2097152,1.191104102e+11,1.289581773e+11,3.683189555e+10,97931.07031,2.849005896e+11
7,6,0,4020,67,1.256718687e-12,7.540312125e-11,5.052009124e-09,-2097152,2097152,1.194410066e+11,1.289602744e+11,3.657084109e+10,98460.91406,2.849722204e+11
7,7,0,4080,68,1.256718687e-12,7.540312125e-11,5.127412245e-09,-2097152,2097152,1.197613466e+11,1.289629778e+11,3.633485414e+10,97620.05469,2.85059285e+11
7,8,0,4140,69,1.256718687e-12,7.540312125e-11,5.202815366e-09,-2097152,2097152,1.200754934e+11,1.289655337e+11,3.611931034e+10,95521.38281,2.851604398e+11
7,9,0,4200,70,1.256718687e-12,7.540312125e-11,5.278218487e-09,-2097152,2097152,1.203922534e+11,1.28967721e+11,3.588973363e+10,92500.86719,2.852497981e+11
8,0,0,4260,71,1.256718687e-12,7.540312125e-11,5.353621609e-09,-2097152,2097152,1.207025418e+11,1.289701868e+11,3.565520896e+10,89161.21875,2.853280154e+11
8,1,0,4320,72,1.256718687e-12,7.540312125e-11,5.42902473e-09,-2097152,2097152,1.210087014e+11,1.28972759e+11,3.541236122e+10,85358.875,2.853939118e+11
8,2,0,4380,73,1.256718687e-12,7.540312125e-11,5.504427851e-09,-2097152,2097152,1.213059891e+11,1.289747988e+11,3.520547635e+10,81301.59375,2.854863503e+11
8,3,0,4440,74,1.256718687e-12,7.540312125e-11,5.579830972e-09,-2097152,2097152,1.215990907e+11,1.289770025e+11,3.503128576e+10,77286.51562,2.856074609e+11
8,4,0,4500,75,1.256718687e-12,7.540312125e-11,5.655234094e-09,-2097152,2097152,1.218783478e+11,1.289798287e+11,3.490536653e+10,73160.57031,2.857636332e+11
8,5,0,4560,76,1.256718687e-12,7.540312125e-11,5.730637215e-09,-2097152,2097152,1.221494374e+11,1.289821143e+11,3.481035571e+10,69205.98438,2.859419894e+11
8,6,0,4620,77,1.256718687e-12,7.540312125e-11,5.806040336e-09,-2097152,2097152,1.224098693e+11,1.28984703e+11,3.473845043e+10,65312.83984,2.861330924e+11
8,7,0,4680,78,1.256718687e-12,7.540312125e-11,5.881443457e-09,-2097152,2097152,1.22655318e+11,1.289870705e+11,3.465080832e+10,61816.35156,2.862932623e+11
8,8,0,4740,79,1.256718687e-12,7.540312125e-11,5.956846579e-09,-2097152,2097152,1.228821053e+11,1.289891348e+11,3.462600294e+10,58591.41016,2.864973087e+11
8,9,0,4800,80,1.256718687e-12,7.540312125e-11,6.0322497e-09,-2097152,2097152,1.231037153e+11,1.289923543e+11,3.464003994e+10,55507.82031,2.867361546e+11
9,0,0,4860,81,1.256718687e-12,7.540312125e-11,6.107652821e-09,-2097152,2097152,1.233086218e+11,1.289949348e+11,3.464570061e+10,52529.64062,2.869493105e+11
9,1,0,4920,82,1.256718687e-12,7.540312125e-11,6.183055942e-09,-2097152,2097152,1.23497087e+11,1.289973678e+11,3.466831872e+10,49611.84375,2.871628268e+11
9,2,0,4980,83,1.256718687e-12,7.540312125e-11,6.258459063e-09,-2097152,2097152,1.236736492e+11,1.289996206e+11,3.47208745e+10,46860.96875,2.873941688e+11
9,3,0,5040,84,1.256718687e-12,7.540312125e-11,6.333862185e-09,-2097152,2097152,1.238343844e+11,1.290019881e+11,3.480534221e+10,44330.03516,2.876417638e+11
9,4,0,5100,85,1.256718687e-12,7.540312125e-11,6.409265306e-09,-2097152,2097152,1.239818322e+11,1.290043474e+11,3.496695398e+10,41932.17969,2.879531909e+11
9,5,0,5160,86,1.256718687e-12,7.540312125e-11,6.484668427e-09,-2097152,2097152,1.24111446e+11,1.290068378e+11,3.515486618e+10,39837.06641,2.882732032e+11
9,6,0,5220,87,1.256718687e-12,7.540312125e-11,6.560071548e-09,-2097152,2097152,1.242218414e+11,1.290093527e+11,3.542301082e+10,37806.81641,2.886542623e+11
9,7,0,5280,88,1.256718687e-12,7.540312125e-11,6.63547467e-09,-2097152,2097152,1.243194163e+11,1.290118349e+11,3.568544973e+10,35892.92578,2.890167419e+11
9,8,0,5340,89,1.256718687e-12,7.540312125e-11,6.710877791e-09,-2097152,2097152,1.244018196e+11,1.290137928e+11,3.598175437e+10,33965.23828,2.893974077e+11
9,9,0,5400,90,1.256718687e-12,7.540312125e-11,6.786280912e-09,-2097152,2097152,1.244629074e+11,1.290167583e+11,3.627250483e+10,32028.02539,2.897522196e+11
10,0,0,5460,91,1.256718687e-12,7.540312125e-11,6.861684033e-09,-2097152,2097152,1.244998205e+11,1.290189046e+11,3.659630592e+10,30000.88477,2.901150597e+11
10,1,0,5520,92,1.256718687e-12,7.540312125e-11,6.937087155e-09,-2097152,2097152,1.245159752e+11,1.290211983e+11,3.694390886e+10,27968.05469,2.90481111e+11
10,2,0,5580,93,1.256718687e-12,7.540312125e-11,7.012490276e-09,-2097152,2097152,1.245029908e+11,1.29024041e+11,3.732678656e+10,26125.74805,2.90853847e+11
10,3,0,5640,94,1.256718687e-12,7.540312125e-11,7.087893397e-09,-2097152,2097152,1.244719104e+11,1.290266542e+11,3.775759974e+10,24812.05078,2.912561725e+11
10,4,0,5700,95,1.256718687e-12,7.540312125e-11,7.163296518e-09,-2097152,2097152,1.244205793e+11,1.29028694e+11,3.81638656e+10,24277.99805,2.916131799e+11
10,5,0,5760,96,1.256718687e-12,7.540312125e-11,7.23869964e-09,-2097152,2097152,1.243551089e+11,1.290305864e+11,3.860891648e+10,24609.33203,2.919946322e+11
10,6,0,5820,97,1.256718687e-12,7.540312125e-11,7.314102761e-09,-2097152,2097152,1.242828964e+11,1.290328883e+11,3.906097562e+10,25917.82812,2.923767726e+11
10,7,0,5880,98,1.256718687e-12,7.540312125e-11,7.389505882e-09,-2097152,2097152,1.242063258e+11,1.290354033e+11,3.952566272e+10,28390.95117,2.927673999e+11
10,8,0,5940,99,1.256718687e-12,7.540312125e-11,7.464909003e-09,-2097152,2097152,1.241212846e+11,1.290379837e+11,4.00062505e+10,31982.67578,2.931655639e+11
10,9,0,6000,100,1.256718687e-12,7.540312125e-11,7.540312125e-09,-2097152,2097152,1.240338432e+11,1.290406789e+11,4.044945818e+10,36939.02734,2.935240131e+11
11,0,0,6060,101,1.256718687e-12,7.540312125e-11,7.615715246e-09,-2097152,2097152,1.239487611e+11,1.290435297e+11,4.089543885e+10,42815.39453,2.938877706e+11
11,1,0,6120,102,1.256718687e-12,7.540312125e-11,7.691118367e-09,-2097152,2097152,1.238696182e+11,1.290471178e+11,4.135858995e+10,49042.33203,2.942753833e+11
11,2,0,6180,103,1.256718687e-12,7.540312125e-11,7.766521488e-09,-2097152,2097152,1.23788501e+11,1.290500997e+11,4.177720934e+10,54780.30078,2.946158756e+11
11,3,0,6240,104,1.256718687e-12,7.540312125e-11,7.84192461e-09,-2097152,2097152,1.237038367e+11,1.290529915e+11,4.218595328e+10,59875.11328,2.949428347e+11
11,4,0,6300,105,1.256718687e-12,7.540312125e-11,7.917327731e-09,-2097152,2097152,1.236220641e+11,1.290567025e+11,4.257848115e+10,64401.07812,2.952573092e+11
11,5,0,6360,106,1.256718687e-12,7.540312125e-11,7.992730852e-09,-2097152,2097152,1.235406438e+11,1.290603315e+11,4.299860378e+10,68441.07031,2.955996365e+11
11,6,0,6420,107,1.256718687e-12,7.540312125e-11,8.068133973e-09,-2097152,2097152,1.234662605e+11,1.290641244e+11,4.338174771e+10,72080.83594,2.959122104e+11
11,7,0,6480,108,1.256718687e-12,7.540312125e-11,8.143537095e-09,-2097152,2097152,1.233998234e+11,1.290673275e+11,4.378815283e+10,75127.59375,2.962553897e+11
11,8,0,6540,109,1.256718687e-12,7.540312125e-11,8.218940216e-09,-2097151,2097152,1.233294049e+11,1.290705224e+11,4.419149824e+10,77750.57031,2.965914911e+11
11,9,0,6600,110,1.256718687e-12,7.540312125e-11,8.294343337e-09,-2097151,2097152,1.232520806e+11,1.290737418e+11,4.460579226e+10,79887.80469,2.969316884e+11
12,0,0,6660,111,1.256718687e-12,7.540312125e-11,8.369746458e-09,-2097151,2097152,1.231634268e+11,1.290770596e+11,4.499803341e+10,82126.46094,2.972385935e+11
12,1,0,6720,112,1.256718687e-12,7.540312125e-11,8.44514958e-09,-2097151,2097152,1.230672855e+11,1.290809262e+11,4.540499558e+10,84550.89062,2.975532974e+11
12,2,0,6780,113,1.256718687e-12,7.540312125e-11,8.520552701e-09,-2097151,2097152,1.229507543e+11,1.290843587e+11,4.583398195e+10,86811.64062,2.978691809e+11
12,3,0,6840,114,1.256718687e-12,7.540312125e-11,8.595955822e-09,-2097151,2097152,1.228152586e+11,1.290880696e+11,4.625368678e+10,87881.125,2.981571133e+11
12,4,0,6900,115,1.256718687e-12,7.540312125e-11,8.671358943e-09,-2097151,2097152,1.226673193e+11,1.2909133e+11,4.672431309e+10,88113.54688,2.984830566e+11
12,5,0,6960,116,1.256718687e-12,7.540312125e-11,8.746762065e-09,-2097149,2097152,1.225041592e+11,1.29094828e+11,4.719374336e+10,87402.15625,2.987928125e+11
12,6,0,7020,117,1.256718687e-12,7.540312125e-11,8.822165186e-09,-2097149,2097152,1.223264338e+11,1.290982851e+11,4.765672243e+10,86152.78906,2.990815314e+11
12,7,0,7080,118,1.256718687e-12,7.540312125e-11,8.897568307e-09,-2097147,2097152,1.221388042e+11,1.291018404e+11,4.815937126e+10,84654.91406,2.994001019e+11
12,8,0,7140,119,1.256718687e-12,7.540312125e-11,8.972971428e-09,-2097147,2097152,1.219421471e+11,1.291058708e+11,4.869616435e+10,83303.22656,2.997442642e+11
12,9,0,7200,120,1.256718687e-12,7.540312125e-11,9.04837455e-09,-2097145,2097152,1.217341686e+11,1.291092787e+11,4.921955942e+10,82040.38281,3.000630968e+11
13,0,0,7260,121,1.256718687e-12,7.540312125e-11,9.123777671e-09,-2097143,2097152,1.215215206e+11,1.291133092e+11,4.980412006e+10,81012.27344,3.004390441e+11
13,1,0,7320,122,1.256718687e-12,7.540312125e-11,9.199180792e-09,-2097141,2097152,1.213040148e+11,1.291180687e+11,5.034473472e+10,79482.57812,3.007668879e+11
13,2,0,7380,123,1.256718687e-12,7.540312125e-11,9.274583913e-09,-2097136,2097152,1.21077506e+11,1.291226399e+11,5.081687654e+10,77849.27344,3.010171044e+11
13,3,0,7440,124,1.256718687e-12,7.540312125e-11,9.349987035e-09,-2097133,2097152,1.20850391e+11,1.291262116e+11,5.160000717e+10,76078.47656,3.015766835e+11
13,4,0,7500,125,1.256718687e-12,7.540312125e-11,9.425390156e-09,-2097130,2097152,1.20622465e+11,1.29130324e+11,5.24299223e+10,74054.00781,3.021827604e+11
13,5,0,7560,126,1.256718687e-12,7.540312125e-11,9.500793277e-09,-2097129,2097152,1.20386732e+11,1.291349033e+11,5.31024937e+10,71967.16406,3.026242109e+11
13,6,0,7620,127,1.256718687e-12,7.540312125e-11,9.576196398e-09,-2097124,2097152,1.20150016e+11,1.291388027e+11,5.363863142e+10,69556.32031,3.029275116e+11
13,7,0,7680,128,1.256718687e-12,7.540312125e-11,9.65159952e-09,-2097114,2097152,1.199065743e+11,1.291432837e+11,5.434976666e+10,67202.79688,3.033996984e+11
13,8,0,7740,129,1.256718687e-12,7.540312125e-11,9.727002641e-09,-2097109,2097152,1.196597002e+11,1.291475026e+11,5.515092787e+10,64571.60938,3.039581962e+11
13,9,0,7800,130,1.256718687e-12,7.540312125e-11,9.802405762e-09,-2097103,2097152,1.194003579e+11,1.291525734e+11,5.595516109e+10,61960.38281,3.045081416e+11
14,0,0,7860,131,1.256718687e-12,7.540312125e-11,9.877808883e-09,-2097092,2097152,1.191399096e+11,1.29156481e+11,5.667671245e+10,59133.96094,3.049731523e+11
14,1,0,7920,132,1.256718687e-12,7.540312125e-11,9.953212005e-09,-2097083,2097152,1.188752753e+11,1.291606426e+11,5.740702106e+10,56130.38672,3.054429798e+11
14,2,0,7980,133,1.256718687e-12,7.540312125e-11,1.002861513e-08,-2097072,2097152,1.186057339e+11,1.291647631e+11,5.818772275e+10,53182.54688,3.059582894e+11
14,3,0,8040,134,1.256718687e-12,7.540312125e-11,1.010401825e-08,-2097055,2097152,1.183327109e+11,1.291695145e+11,5.899941069e+10,50529.58594,3.065016812e+11
14,4,0,8100,135,1.256718687e-12,7.540312125e-11,1.017942137e-08,-2097047,2097152,1.180687892e+11,1.291740447e+11,5.975595418e+10,48003.63281,3.069988372e+11
14,5,0,8160,136,1.256718687e-12,7.540312125e-11,1.025482449e-08,-2097027,2097152,1.178006897e+11,1.291790254e+11,6.051548365e+10,45798.80078,3.074952397e+11
14,6,0,8220,137,1.256718687e-12,7.540312125e-11,1.033022761e-08,-2097014,2097152,1.175446815e+11,1.291842437e+11,6.12644864e+10,44027.78125,3.079934444e+11
14,7,0,8280,138,1.256718687e-12,7.540312125e-11,1.040563073e-08,-2097005,2097152,1.172911718e+11,1.291891671e+11,6.201022464e+10,42742.74609,3.084906004e+11
14,8,0,8340,139,1.256718687e-12,7.540312125e-11,1.048103385e-08,-2096984,2097152,1.170477793e+11,1.291943526e+11,6.274545664e+10,41852.94922,3.089876255e+11
14,9,0,8400,140,1.256718687e-12,7.540312125e-11,1.055643697e-08,-2096964,2097152,1.168165929e+11,1.292000133e+11,6.343988429e+10,41635.08984,3.094565356e+11
15,0,0,8460,141,1.256718687e-12,7.540312125e-11,1.06318401e-08,-2096948,2097152,1.165969244e+11,1.292046909e+11,6.411356979e+10,42167.47266,3.09915222e+11
15,1,0,8520,142,1.256718687e-12,7.540312125e-11,1.070724322e-08,-2096930,2097152,1.164005294e+11,1.292096635e+11,6.473519514e+10,43345.5625,3.103454331e+11
15,2,0,8580,143,1.256718687e-12,7.540312125e-11,1.078264634e-08,-2096908,2097152,1.162193224e+11,1.29215275e+11,6.531047424e+10,45324.33594,3.107451044e+11
15,3,0,8640,144,1.256718687e-12,7.540312125e-11,1.085804946e-08,-2096885,2097152,1.160521728e+11,1.292205834e+11,6.587785216e+10,48065.76172,3.111506412e+11
15,4,0,8700,145,1.256718687e-12,7.540312125e-11,1.093345258e-08,-2096855,2097152,1.159062733e+11,1.292250317e+11,6.639005286e+10,51538.125,3.115214111e+11
15,5,0,8760,146,1.256718687e-12,7.540312125e-11,1.10088557e-08,-2096815,2097152,1.157793546e+11,1.292310118e+11,6.685526016e+10,55476.5625,3.118656717e+11
15,6,0,8820,147,1.256718687e-12,7.540312125e-11,1.108425882e-08,-2096786,2097152,1.156893901e+11,1.292363858e+11,6.725377229e+10,59677.76562,3.121796219e+11
15,7,0,8880,148,1.256718687e-12,7.540312125e-11,1.115966194e-08,-2096750,2097152,1.156338401e+11,1.292419564e+11,6.76118487e+10,64188.60938,3.124877066e+11
15,8,0,8940,149,1.256718687e-12,7.540312125e-11,1.123506507e-08,-2096710,2097152,1.156097884e+11,1.292473385e+11,6.790405734e+10,68824.19531,3.127612539e+11
15,9,0,9000,150,1.256718687e-12,7.540312125e-11,1.131046819e-08,-2096670,2097152,1.156210524e+11,1.292528353e+11,6.815453184e+10,73537.67969,3.130285097e+11
16,0,0,9060,151,1.256718687e-12,7.540312125e-11,1.138587131e-08,-2096620,2097152,1.156648632e+11,1.292585452e+11,6.832174694e+10,77864.1875,3.132452372e+11
16,1,0,9120,152,1.256718687e-12,7.540312125e-11,1.146127443e-08,-2096563,2097152,1.157495439e+11,1.292644598e+11,6.844191539e+10,81908.09375,3.13456001e+11
16,2,0,9180,153,1.256718687e-12,7.540312125e-11,1.153667755e-08,-2096506,2097152,1.15875414e+11,1.292703744e+11,6.850924954e+10,85427.60938,3.136551322e+11
16,3,0,9240,154,1.256718687e-12,7.540312125e-11,1.161208067e-08,-2096452,2097152,1.16034175e+11,1.292757074e+11,6.849383219e+10,88435.6875,3.138038006e+11
16,4,0,9300,155,1.256718687e-12,7.540312125e-11,1.168748379e-08,-2096406,2097152,1.162381066e+11,1.292816794e+11,6.843941274e+10,90659.5,3.139592847e+11
16,5,0,9360,156,1.256718687e-12,7.540312125e-11,1.176288691e-08,-2096339,2097152,1.164744212e+11,1.292869796e+11,6.828313395e+10,92050.47656,3.140446454e+11
16,6,0,9420,157,1.256718687e-12,7.540312125e-11,1.183829004e-08,-2096281,2097152,1.167453471e+11,1.292935496e+11,6.807753933e+10,92566.46875,3.141165384e+11
16,7,0,9480,158,1.256718687e-12,7.540312125e-11,1.191369316e-08,-2096209,2097152,1.170506056e+11,1.292994478e+11,6.779745075e+10,92172.95312,3.141476024e+11
16,8,0,9540,159,1.256718687e-12,7.540312125e-11,1.198909628e-08,-2096132,2097152,1.173821932e+11,1.293055345e+11,6.749201203e+10,90874.69531,3.141798461e+11
16,9,0,9600,160,1.256718687e-12,7.540312125e-11,1.20644994e-08,-2096050,2097152,1.177311887e+11,1.293110559e+11,6.716871885e+10,88615.61719,3.142110413e+11
17,0,0,9660,161,1.256718687e-12,7.540312125e-11,1.213990252e-08,-2095947,2097152,1.180938322e+11,1.293163889e+11,6.68092375e+10,85868.20312,3.14219561e+11
17,1,0,9720,162,1.256718687e-12,7.540312125e-11,1.221530564e-08,-2095855,2097152,1.184734659e+11,1.29322197e+11,6.652018688e+10,82475.92969,3.143159316e+11
17,2,0,9780,163,1.256718687e-12,7.540312125e-11,1.229070876e-08,-2095751,2097152,1.188469309e+11,1.293287014e+11,6.609699226e+10,78717.26562,3.142727107e+11
17,3,0,9840,164,1.256718687e-12,7.540312125e-11,1.236611188e-08,-2095659,2097152,1.192215593e+11,1.293350912e+11,6.566870221e+10,74818.24219,3.142254264e+11
17,4,0,9900,165,1.256718687e-12,7.540312125e-11,1.244151501e-08,-2095555,2097152,1.195794596e+11,1.293410877e+11,6.524705997e+10,70765.78125,3.141676564e+11
17,5,0,9960,166,1.256718687e-12,7.540312125e-11,1.251691813e-08,-2095443,2097152,1.199256535e+11,1.293474939e+11,6.481343283e+10,66579.32031,3.14086654e+11
17,6,0,10020,167,1.256718687e-12,7.540312125e-11,1.259232125e-08,-2095328,2097152,1.202601738e+11,1.29353343e+11,6.441388032e+10,62399.55078,3.140274749e+11
17,7,0,10080,168,1.256718687e-12,7.540312125e-11,1.266772437e-08,-2095190,2097152,1.205825536e+11,1.293594378e+11,6.403466854e+10,58328.74219,3.139767173e+11
17,8,0,10140,169,1.256718687e-12,7.540312125e-11,1.274312749e-08,-2095035,2097152,1.208962908e+11,1.293653852e+11,6.36002263e+10,54422.00391,3.13861931e+11
17,9,0,10200,170,1.256718687e-12,7.540312125e-11,1.281853061e-08,-2094894,2097152,1.212067348e+11,1.293715702e+11,6.316956877e+10,50693.33203,3.137479311e+11
18,0,0,10260,171,1.256718687e-12,7.540312125e-11,1.289393373e-08,-2094766,2097152,1.21518039e+11,1.293777142e+11,6.276883661e+10,47070.90234,3.136646349e+11
18,1,0,10320,172,1.256718687e-12,7.540312125e-11,1.296933685e-08,-2094615,2097152,1.218196685e+11,1.293833667e+11,6.239210701e+10,43591.19922,3.135951667e+11
18,2,0,10380,173,1.256718687e-12,7.540312125e-11,1.304473998e-08,-2094468,2097152,1.2211422e+11,1.293890191e+11,6.20603433e+10,40394.88281,3.135636439e+11
18,3,0,10440,174,1.256718687e-12,7.540312125e-11,1.31201431e-08,-2094275,2097152,1.223890289e+11,1.293944586e+11,6.174972723e+10,37373.23438,3.135332352e+11
18,4,0,10500,175,1.256718687e-12,7.540312125e-11,1.319554622e-08,-2094091,2097152,1.226634117e+11,1.29401217e+11,6.150327501e+10,34589.27734,3.135679365e+11
18,5,0,10560,176,1.256718687e-12,7.540312125e-11,1.327094934e-08,-2093890,2097152,1.229293978e+11,1.294075412e+11,6.121610035e+10,32045.01758,3.135530598e+11
18,6,0,10620,177,1.256718687e-12,7.540312125e-11,1.334635246e-08,-2093718,2097152,1.231981117e+11,1.294135788e+11,6.099370803e+10,29705.55859,3.136054231e+11
18,7,0,10680,178,1.256718687e-12,7.540312125e-11,1.342175558e-08,-2093534,2097152,1.234570854e+11,1.294190592e+11,6.076154266e+10,27663.13281,3.136377324e+11
18,8,0,10740,179,1.256718687e-12,7.540312125e-11,1.34971587e-08,-2093349,2097152,1.237057044e+11,1.29425367e+11,6.056930918e+10,25893.98438,3.137003848e+11
18,9,0,10800,180,1.256718687e-12,7.540312125e-11,1.357256182e-08,-2093139,2097152,1.239405527e+11,1.294310769e+11,6.036452147e+10,24484.78125,3.137361674e+11
19,0,0,10860,181,1.256718687e-12,7.540312125e-11,1.364796495e-08,-2092939,2097152,1.241732956e+11,1.294367785e+11,6.016878592e+10,23391.38281,3.137788641e+11
19,1,0,10920,182,1.256718687e-12,7.540312125e-11,1.372336807e-08,-2092692,2097152,1.243866481e+11,1.294427668e+11,6.001900749e+10,22652.52148,3.138484306e+11
19,2,0,10980,183,1.256718687e-12,7.540312125e-11,1.379877119e-08,-2092458,2097152,1.245891297e+11,1.29448706e+11,5.988698112e+10,22337.87109,3.139248456e+11
19,3,0,11040,184,1.256718687e-12,7.540312125e-11,1.387417431e-08,-2092199,2097152,1.247775212e+11,1.29454891e+11,5.978323763e+10,22288.05664,3.140156785e+11
19,4,0,11100,185,1.256718687e-12,7.540312125e-11,1.394957743e-08,-2091948,2097152,1.249567375e+11,1.294611005e+11,5.96946903e+10,22481.10352,3.141125407e+11
19,5,0,11160,186,1.256718687e-12,7.540312125e-11,1.402498055e-08,-2091674,2097152,1.251207741e+11,1.294661632e+11,5.963879629e+10,23034.25586,3.142257541e+11
19,6,0,11220,187,1.256718687e-12,7.540312125e-11,1.410038367e-08,-2091431,2097152,1.252802724e+11,1.294713078e+11,5.959074202e+10,23864.72852,3.143423427e+11
19,7,0,11280,188,1.256718687e-12,7.540312125e-11,1.417578679e-08,-2091117,2097152,1.254083215e+11,1.294767964e+11,5.955464397e+10,24971.59375,3.144397947e+11
19,8,0,11340,189,1.256718687e-12,7.540312125e-11,1.425118992e-08,-2090839,2097152,1.255289242e+11,1.294816051e+11,5.954062746e+10,26161.88672,3.145511731e+11
19,9,0,11400,190,1.256718687e-12,7.540312125e-11,1.432659304e-08,-2090538,2097152,1.256323072e+11,1.294867579e+11,5.95526656e+10,27618.07617,3.146717594e+11
20,0,0,11460,191,1.256718687e-12,7.540312125e-11,1.440199616e-08,-2090232,2097152,1.257219523e+11,1.29491583e+11,5.957666406e+10,29289.38086,3.147902157e+11
20,1,0,11520,192,1.256718687e-12,7.540312125e-11,1.447739928e-08,-2089930,2097152,1.257956884e+11,1.294965064e+11,5.962593894e+10,31041.00781,3.149181747e+11
20,2,0,11580,193,1.256718687e-12,7.540312125e-11,1.45528024e-08,-2089609,2097152,1.258525082e+11,1.295015281e+11,5.968225075e+10,32977.34766,3.150363361e+11
20,3,0,11640,194,1.256718687e-12,7.540312125e-11,1.462820552e-08,-2089293,2097152,1.258935992e+11,1.295065006e+11,5.977389056e+10,35004.25,3.151740273e+11
20,4,0,11700,195,1.256718687e-12,7.540312125e-11,1.470360864e-08,-2088939,2097152,1.259119411e+11,1.29512022e+11,5.986316288e+10,37105.21484,3.152871752e+11
20,5,0,11760,196,1.256718687e-12,7.540312125e-11,1.477901176e-08,-2088579,2097152,1.259096392e+11,1.29517994e+11,5.997132186e+10,39198.15234,3.153990124e+11
20,6,0,11820,197,1.256718687e-12,7.540312125e-11,1.485441489e-08,-2088216,2097152,1.258978591e+11,1.295226552e+11,6.009725747e+10,41349.07812,3.155178291e+11
20,7,0,11880,198,1.256718687e-12,7.540312125e-11,1.492981801e-08,-2087850,2097152,1.258648453e+11,1.295277097e+11,6.02520576e+10,43496.23828,3.156446413e+11
20,8,0,11940,199,1.256718687e-12,7.540312125e-11,1.500522113e-08,-2087448,2097152,1.258087465e+11,1.295333704e+11,6.042261094e+10,45463.42969,3.157647688e+11
20,9,0,12000,200,1.256718687e-12,7.540312125e-11,1.508062425e-08,-2087050,2097152,1.257387622e+11,1.295394161e+11,6.062659584e+10,47470.58594,3.159048192e+11
21,0,0,12060,201,1.256718687e-12,7.540312125e-11,1.515602737e-08,-2086627,2097152,1.256461435e+11,1.29544962e+11,6.083638067e+10,49344.97266,3.160275354e+11
21,1,0,12120,202,1.256718687e-12,7.540312125e-11,1.523143049e-08,-2086192,2097152,1.255310623e+11,1.295503442e+11,6.10829312e+10,51005.19531,3.161644073e+11
21,2,0,12180,203,1.256718687e-12,7.540312125e-11,1.530683361e-08,-2085759,2097152,1.254019564e+11,1.295559229e+11,6.134719283e+10,52401.96875,3.163051131e+11
21,3,0,12240,204,1.256718687e-12,7.540312125e-11,1.538223673e-08,-2085306,2097152,1.252484383e+11,1.295611085e+11,6.162517606e+10,53463.80859,3.164347761e+11
21,4,0,12300,205,1.256718687e-12,7.540312125e-11,1.545763986e-08,-2084795,2097152,1.250632991e+11,1.295673672e+11,6.189969818e+10,54259.28125,3.165304259e+11
21,5,0,12360,206,1.256718687e-12,7.540312125e-11,1.553304298e-08,-2084276,2097152,1.248538132e+11,1.295732982e+11,6.218788454e+10,54708.63672,3.166150328e+11
21,6,0,12420,207,1.256718687e-12,7.540312125e-11,1.56084461e-08,-2083793,2097152,1.246393713e+11,1.295792456e+11,6.247940096e+10,54908.07031,3.166980669e+11
21,7,0,12480,208,1.256718687e-12,7.540312125e-11,1.568384922e-08,-2083257,2097152,1.243933082e+11,1.295856599e+11,6.284334694e+10,54730.96484,3.16822356e+11
21,8,0,12540,209,1.256718687e-12,7.540312125e-11,1.575925234e-08,-2082701,2097152,1.24125397e+11,1.295917384e+11,6.322412339e+10,54217.93359,3.169413038e+11
21,9,0,12600,210,1.256718687e-12,7.540312125e-11,1.583465546e-08,-2082171,2097152,1.238459105e+11,1.295982838e+11,6.36001321e+10,53561.41797,3.170443919e+11
22,0,0,12660,211,1.256718687e-12,7.540312125e-11,1.591005858e-08,-2081655,2097152,1.235537838e+11,1.2960478e+11,6.404412211e+10,52647.36328,3.172027269e+11
22,1,0,12720,212,1.256718687e-12,7.540312125e-11,1.59854617e-08,-2081121,2097152,1.232417833e+11,1.296114811e+11,6.452411187e+10,51496.28125,3.173774131e+11
22,2,0,12780,213,1.256718687e-12,7.540312125e-11,1.606086483e-08,-2080578,2097152,1.229180355e+11,1.296185016e+11,6.504372634e+10,50106.88281,3.175803126e+11
22,3,0,12840,214,1.256718687e-12,7.540312125e-11,1.613626795e-08,-2080028,2097152,1.225838019e+11,1.296257188e+11,6.568380006e+10,48476.09375,3.17893378e+11
22,4,0,12900,215,1.256718687e-12,7.540312125e-11,1.621167107e-08,-2079463,2097152,1.222295224e+11,1.296330342e+11,6.628493722e+10,46641.11719,3.181475267e+11
22,5,0,12960,216,1.256718687e-12,7.540312125e-11,1.628707419e-08,-2078861,2097152,1.218631107e+11,1.296406364e+11,6.689320141e+10,44528.41406,3.183969894e+11
22,6,0,13020,217,1.256718687e-12,7.540312125e-11,1.636247731e-08,-2078279,2097152,1.214923653e+11,1.296477061e+11,6.734395392e+10,42351.07031,3.184840868e+11
22,7,0,13080,218,1.256718687e-12,7.540312125e-11,1.643788043e-08,-2077649,2097152,1.211063255e+11,1.296548168e+11,6.786121728e+10,40001.73828,3.186224005e+11
22,8,0,13140,219,1.256718687e-12,7.540312125e-11,1.651328355e-08,-2077039,2097152,1.207144284e+11,1.296621732e+11,6.845271245e+10,37653.91797,3.188293632e+11
22,9,0,13200,220,1.256718687e-12,7.540312125e-11,1.658868667e-08,-2076396,2097152,1.203161334e+11,1.296702751e+11,6.89503273e+10,35274.22266,3.189367767e+11
23,0,0,13260,221,1.256718687e-12,7.540312125e-11,1.66640898e-08,-2075723,2097152,1.19908606e+11,1.296780329e+11,6.952502886e+10,33012.29297,3.191116923e+11
23,1,0,13320,222,1.256718687e-12,7.540312125e-11,1.673949292e-08,-2075111,2097152,1.195155784e+11,1.296857334e+11,7.017929114e+10,30742.28125,3.19380652e+11
23,2,0,13380,223,1.256718687e-12,7.540312125e-11,1.681489604e-08,-2074437,2097152,1.1910366e+11,1.296935649e+11,7.068863693e+10,28667.62891,3.194859028e+11
23,3,0,13440,224,1.256718687e-12,7.540312125e-11,1.689029916e-08,-2073683,2097152,1.186750956e+11,1.297009377e+11,7.134951834e+10,26812.89453,3.19725568e+11
23,4,0,13500,225,1.256718687e-12,7.540312125e-11,1.696570228e-08,-2073003,2097152,1.182623744e+11,1.297085645e+11,7.208412774e+10,25043.38672,3.20055083e+11
23,5,0,13560,226,1.256718687e-12,7.540312125e-11,1.70411054e-08,-2072305,2097152,1.178493174e+11,1.297166336e+11,7.282282496e+10,23606.20117,3.203887923e+11
23,6,0,13620,227,1.256718687e-12,7.540312125e-11,1.711650852e-08,-2071605,2097152,1.17439873e+11,1.297242849e+11,7.35312855e+10,22495.39844,3.20695468e+11
23,7,0,13680,228,1.256718687e-12,7.540312125e-11,1.719191164e-08,-2070954,2097152,1.170380227e+11,1.297324524e+11,7.415728538e+10,21630.16016,3.209277604e+11
23,8,0,13740,229,1.256718687e-12,7.540312125e-11,1.726731477e-08,-2070254,2097152,1.166338621e+11,1.297407345e+11,7.481523405e+10,21269.00195,3.211898388e+11
23,9,0,13800,230,1.256718687e-12,7.540312125e-11,1.734271789e-08,-2069507,2097152,1.162345759e+11,1.297490084e+11,7.538977997e+10,21348.45898,3.213733724e+11
24,0,0,13860,231,1.256718687e-12,7.540312125e-11,1.741812101e-08,-2068742,2097152,1.158389596e+11,1.297576673e+11,7.601945805e+10,22077.73633,3.21616085e+11
24,1,0,13920,232,1.256718687e-12,7.540312125e-11,1.749352413e-08,-2067966,2097152,1.154507325e+11,1.297652449e+11,7.663391539e+10,23509.71484,3.218499174e+11
24,2,0,13980,233,1.256718687e-12,7.540312125e-11,1.756892725e-08,-2067157,2097152,1.150674616e+11,1.297738301e+11,7.722595123e+10,25664.89258,3.220672676e+11
24,3,0,14040,234,1.256718687e-12,7.540312125e-11,1.764433037e-08,-2066393,2097152,1.14702336e+11,1.297825874e+11,7.78180608e+10,28719.11914,3.223030333e+11
24,4,0,14100,235,1.256718687e-12,7.540312125e-11,1.771973349e-08,-2065575,2097152,1.143527424e+11,1.297916805e+11,7.837105357e+10,32739.48828,3.225155011e+11
24,5,0,14160,236,1.256718687e-12,7.540312125e-11,1.779513661e-08,-2064805,2097152,1.140190577e+11,1.298002166e+11,7.891433062e+10,37737.10938,3.227336704e+11
24,6,0,14220,237,1.256718687e-12,7.540312125e-11,1.787053974e-08,-2063965,2097152,1.136907223e+11,1.298095391e+11,7.941913805e+10,43892.27734,3.229194322e+11
24,7,0,14280,238,1.256718687e-12,7.540312125e-11,1.794594286e-08,-2063132,2097152,1.133814743e+11,1.298186813e+11,7.986932941e+10,50992.5,3.230695424e+11
24,8,0,14340,239,1.256718687e-12,7.540312125e-11,1.802134598e-08,-2062335,2097152,1.131077632e+11,1.298281267e+11,8.026130022e+10,59100.53125,3.231972393e+11
24,9,0,14400,240,1.256718687e-12,7.540312125e-11,1.80967491e-08,-2061489,2097152,1.128489697e+11,1.298371625e+11,8.06237143e+10,68193.83594,3.233099284e+11
25,0,0,14460,241,1.256718687e-12,7.540312125e-11,1.817215222e-08,-2060637,2097152,1.126153175e+11,1.298452726e+11,8.095643238e+10,77924.63281,3.234171126e+11
25,1,0,14520,242,1.256718687e-12,7.540312125e-11,1.824755534e-08,-2059801,2097152,1.124097802e+11,1.29854849e+11,8.125374464e+10,88272.84375,3.23518464e+11
25,2,0,14580,243,1.256718687e-12,7.540312125e-11,1.832295846e-08,-2058952,2097152,1.122346598e+11,1.298646467e+11,8.14742487e+10,98961.14062,3.235736453e+11
25,3,0,14640,244,1.256718687e-12,7.540312125e-11,1.839836158e-08,-2058121,2097152,1.120940278e+11,1.298745426e+11,8.167635354e+10,109757.7734,3.236450468e+11
25,4,0,14700,245,1.256718687e-12,7.540312125e-11,1.847376471e-08,-2057251,2097152,1.119800279e+11,1.298839388e+11,8.182984704e+10,120242.5156,3.236939366e+11
25,5,0,14760,246,1.256718687e-12,7.540312125e-11,1.854916783e-08,-2056365,2097152,1.118929551e+11,1.298933105e+11,8.19661783e+10,130607.8594,3.237525586e+11
25,6,0,14820,247,1.256718687e-12,7.540312125e-11,1.862457095e-08,-2055492,2097152,1.118343332e+11,1.29902805e+11,8.204085658e+10,140045.4062,3.237781176e+11
25,7,0,14880,248,1.256718687e-12,7.540312125e-11,1.869997407e-08,-2054611,2097152,1.118049567e+11,1.29912447e+11,8.207236301e+10,148575.6406,3.237899141e+11
25,8,0,14940,249,1.256718687e-12,7.540312125e-11,1.877537719e-08,-2053685,2097152,1.117953884e+11,1.299221381e+11,8.209898701e+10,155637.6875,3.238166528e+11
25,9,0,15000,250,1.256718687e-12,7.540312125e-11,1.885078031e-08,-2052718,2097152,1.118008115e+11,1.299320422e+11,8.205674906e+10,160894.2031,3.237897503e+11
26,0,0,15060,251,1.256718687e-12,7.540312125e-11,1.892618343e-08,-2051842,2097152,1.118428201e+11,1.299419955e+11,8.200462336e+10,164404.7344,3.237895864e+11
26,1,0,15120,252,1.256718687e-12,7.540312125e-11,1.900158655e-08,-2050914,2097152,1.118923407e+11,1.299518587e+11,8.189725901e+10,165769.5938,3.237416141e+11
26,2,0,15180,253,1.256718687e-12,7.540312125e-11,1.907698968e-08,-2049982,2097152,1.119466947e+11,1.299613204e+11,8.180813824e+10,164503.5,3.237163172e+11
26,3,0,15240,254,1.256718687e-12,7.540312125e-11,1.91523928e-08,-2049044,2097152,1.119976817e+11,1.299711345e+11,8.16716841e+10,160897.5,3.236406559e+11
26,4,0,15300,255,1.256718687e-12,7.540312125e-11,1.922779592e-08,-2048096,2097152,1.120568361e+11,1.299804815e+11,8.152884838e+10,155047.375,3.23566338e+11
26,5,0,15360,256,1.256718687e-12,7.540312125e-11,1.930319904e-08,-2047090,2097152,1.120942572e+11,1.29990656e+11,8.135544832e+10,146973.2656,3.234405089e+11
26,6,0,15420,257,1.256718687e-12,7.540312125e-11,1.937860216e-08,-2046139,2097152,1.121353318e+11,1.299996672e+11,8.117519974e+10,137108.2031,3.233103544e+11
26,7,0,15480,258,1.256718687e-12,7.540312125e-11,1.945400528e-08,-2045157,2097152,1.121634796e+11,1.300093583e+11,8.100473242e+10,125853.5234,3.231776768e+11
26,8,0,15540,259,1.256718687e-12,7.540312125e-11,1.95294084e-08,-2044171,2097152,1.121889403e+11,1.300188037e+11,8.084505395e+10,114195.6406,3.23052929e+11
26,9,0,15600,260,1.256718687e-12,7.540312125e-11,1.960481152e-08,-2043116,2097152,1.122014986e+11,1.300280279e+11,8.068032102e+10,102524.2031,3.229099622e+11
27,0,0,15660,261,1.256718687e-12,7.540312125e-11,1.968021465e-08,-2042146,2097152,1.122228224e+11,1.300377436e+11,8.057081856e+10,91391.80469,3.228314829e+11
27,1,0,15720,262,1.256718687e-12,7.540312125e-11,1.975561777e-08,-2041167,2097152,1.122389033e+11,1.300477706e+11,8.045839155e+10,81318.13281,3.227451392e+11
27,2,0,15780,263,1.256718687e-12,7.540312125e-11,1.983102089e-08,-2040128,2097152,1.12250839e+11,1.300575764e+11,8.034799616e+10,72343.625,3.22656469e+11
27,3,0,15840,264,1.256718687e-12,7.540312125e-11,1.990642401e-08,-2039092,2097152,1.122541814e+11,1.30066645e+11,8.025720422e+10,64443.83984,3.225780879e+11
27,4,0,15900,265,1.256718687e-12,7.540312125e-11,1.998182713e-08,-2038035,2097152,1.122508145e+11,1.300767539e+11,8.016487219e+10,57575.64844,3.224924979e+11
27,5,0,15960,266,1.256718687e-12,7.540312125e-11,2.005723025e-08,-2037048,2097152,1.122554757e+11,1.300862894e+11,8.01049641e+10,51884.96094,3.224467866e+11
27,6,0,16020,267,1.256718687e-12,7.540312125e-11,2.013263337e-08,-2036062,2097152,1.122591703e+11,1.300955382e+11,8.005491098e+10,47295.64453,3.224096604e+11
27,7,0,16080,268,1.256718687e-12,7.540312125e-11,2.020803649e-08,-2035001,2097152,1.122514043e+11,1.301045576e+11,8.01825833e+10,43734.67188,3.225385697e+11
27,8,0,16140,269,1.256718687e-12,7.540312125e-11,2.028343962e-08,-2033887,2097152,1.122310062e+11,1.301137654e+11,8.008593408e+10,41062.20312,3.22430763e+11
27,9,0,16200,270,1.256718687e-12,7.540312125e-11,2.035884274e-08,-2032868,2097152,1.122191442e+11,1.301234729e+11,8.001288602e+10,39304.73047,3.223555604e+11
28,0,0,16260,271,1.256718687e-12,7.540312125e-11,2.043424586e-08,-2031802,2097152,1.122032681e+11,1.301325988e+11,7.997621862e+10,38403.90234,3.223121428e+11
28,1,0,16320,272,1.256718687e-12,7.540312125e-11,2.050964898e-08,-2030773,2097152,1.121826324e+11,1.301424947e+11,7.994832486e+10,38193.28906,3.222734766e+11
28,2,0,16380,273,1.256718687e-12,7.540312125e-11,2.05850521e-08,-2029717,2097152,1.121641923e+11,1.301522596e+11,7.99683625e+10,38828.89453,3.222848471e+11
28,3,0,16440,274,1.256718687e-12,7.540312125e-11,2.066045522e-08,-2028668,2097152,1.121419592e+11,1.301621555e+11,8.000303923e+10,40201.07422,3.223071949e+11
28,4,0,16500,275,1.256718687e-12,7.540312125e-11,2.073585834e-08,-2027534,2097152,1.12099713e+11,1.301714125e+11,8.005464883e+10,42203.16016,3.223258071e+11
28,5,0,16560,276,1.256718687e-12,7.540312125e-11,2.081126146e-08,-2026488,2097152,1.120656097e+11,1.301805957e+11,8.007539098e+10,44718.17969,3.223216456e+11
28,6,0,16620,277,1.256718687e-12,7.540312125e-11,2.088666459e-08,-2025440,2097152,1.120250675e+11,1.301895496e+11,8.008948941e+10,47854.25781,3.223041475e+11
28,7,0,16680,278,1.256718687e-12,7.540312125e-11,2.096206771e-08,-2024387,2097152,1.119832392e+11,1.301994865e+11,8.014212301e+10,51236.15234,3.223248896e+11
28,8,0,16740,279,1.256718687e-12,7.540312125e-11,2.103747083e-08,-2023307,2097152,1.119248957e+11,1.302089236e+11,8.020846182e+10,54851.69141,3.223423549e+11
28,9,0,16800,280,1.256718687e-12,7.540312125e-11,2.111287395e-08,-2022198,2097152,1.118679368e+11,1.302179185e+11,8.028544205e+10,58859.78125,3.223713546e+11
29,0,0,16860,281,1.256718687e-12,7.540312125e-11,2.118827707e-08,-2021080,2097152,1.118017782e+11,1.302273147e+11,8.038518784e+10,62949.26172,3.224143462e+11
29,1,0,16920,282,1.256718687e-12,7.540312125e-11,2.126368019e-08,-2019983,2097152,1.117296722e+11,1.302369403e+11,8.047729869e+10,67005.36719,3.224439685e+11
29,2,0,16980,283,1.256718687e-12,7.540312125e-11,2.133908331e-08,-2018874,2097152,1.11652651e+11,1.302463037e+11,8.058758758e+10,70938.58594,3.224865997e+11
29,3,0,17040,284,1.256718687e-12,7.540312125e-11,2.141448643e-08,-2017764,2097152,1.115707146e+11,1.302557082e+11,8.073633792e+10,74921.42188,3.225628508e+11
29,4,0,17100,285,1.256718687e-12,7.540312125e-11,2.148988956e-08,-2016705,2097152,1.11485739e+11,1.302654075e+11,8.088888115e+10,78566.63281,3.226401178e+11
29,5,0,17160,286,1.256718687e-12,7.540312125e-11,2.156529268e-08,-2015600,2097152,1.113864192e+11,1.302749266e+11,8.10385408e+10,81941.21875,3.226999849e+11
29,6,0,17220,287,1.256718687e-12,7.540312125e-11,2.16406958e-08,-2014447,2097152,1.11275606e+11,1.302850355e+11,8.12145623e+10,85017.03125,3.227752858e+11
29,7,0,17280,288,1.256718687e-12,7.540312125e-11,2.171609892e-08,-2013303,2097152,1.111600988e+11,1.302953247e+11,8.138816717e+10,87566.42188,3.228437053e+11
29,8,0,17340,289,1.256718687e-12,7.540312125e-11,2.179150204e-08,-2012230,2097152,1.110400451e+11,1.303053435e+11,8.156708864e+10,89817.67188,3.229125837e+11
29,9,0,17400,290,1.256718687e-12,7.540312125e-11,2.186690516e-08,-2011105,2097152,1.109100544e+11,1.303158292e+11,8.174782054e+10,91645.53125,3.229737943e+11
